<?xml version="1.0" encoding="UTF-8"?>
<!DOCTYPE suite SYSTEM "http://testng.org/testng-1.0.dtd">
<suite name="ArrowTesting" parallel="tests" thread-count="4">
	<parameter name="parallel" value="NO"></parameter>
	<test name="TestProject">
		<!-- <parameter name="browser" value="ie"></parameter> -->
		<parameter name="browser" value="chrome"></parameter>
		<!-- Added below parameter to run scripts as per environment, If environment is QA then value should be QA and
		  if environment is Staging then value should Stage -->
	    <parameter name="environment" value="Stage"></parameter>
		<parameter name="ip"
			value="https://arrowstg.azurectwkglobal.com/owLogin/altLogin.aspx">
		</parameter>
		<parameter name="sopHubUrl" value="https://stg-internal.ctadvantage.com/InternalHub/Login/Login.aspx"/>
		<classes>
			<!-- Entity Module  -->
		<!-- 	<class name="com.arrow.entity.scripts.CreateEntity" />
			<class name="com.arrow.entity.scripts.SearchEntity" />
			<class name="com.arrow.entity.scripts.EntityName" />
			<class name="com.arrow.representation.scripts.Representation" /> -->
			<!-- Affiliation Module-->
<!-- 			<class name="com.arrow.affiliation.scripts.CreateAffiliation" />
			<class name="com.arrow.affiliation.scripts.SearchAffiliation" />
			<class name="com.arrow.affiliation.scripts.PricingDetails" /> -->
			<!-- DI Module -->
			<!-- <class name="com.arrow.di.scripts.AffiliationLevelDI" />
			<class name="com.arrow.di.scripts.EntityLevelDI" /> -->
			<!-- Invoice Module -->
			<!-- <class name="com.arrow.renewal.scripts.RenewalInvoice" />
			<class name="com.arrow.xsop.scripts.XSOP" /> -->
			<!-- SOP Module -->
			<!-- <class name="com.arrow.sop.scripts.ActionItem" />
			<class name="com.arrow.sop.scripts.CarrierPackage" />
			<class name="com.arrow.sop.scripts.CommonAlerts" />
			<class name="com.arrow.sop.scripts.PostLogs" />
			<class name="com.arrow.sop.scripts.QualityMaintainance" />
			<class name="com.arrow.sop.scripts.SopManageDefaultAssignment" />
			<class name="com.arrow.sop.scripts.SopMessages" />
			<class name="com.arrow.sop.scripts.WorksheetCreation" />
			<class name="com.arrow.sop.scripts.AutoUpload" />
			<class name="com.arrow.sop.scripts.WorksheetSearch" />
			<class name="com.arrow.sop.scripts.TeamSOPDashboard" />
			<class name="com.arrow.sop.scripts.CarrierPackage" />
			<class name="com.arrow.sop.scripts.AutoAssignmentMaintenance" />
			<class name="com.arrow.sop.scripts.AutoAssignmentDashboard" />
			<class name="com.arrow.sop.scripts.Reconciliation" />
			<class name="com.arrow.sop.scripts.CES" />
			<class name="com.arrow.sop.scripts.ExpeditedTransmissions" />
			<class name="com.arrow.sop.scripts.RetainedWorksheets" />
			<class name="com.arrow.sop.scripts.SOPVolume" />
			<class name="com.arrow.sop.scripts.TextMaintenance" /> -->
			<!-- Other Modules -->
			<!-- <class name="com.arrow.customer.scripts.Customer" /> -->
			<!-- <class name="com.arrow.usop.scripts.Usop" /> -->
			<!-- <class name="com.arrow.comm.scripts.Communication" /> -->
		 	<!-- <class name="com.arrow.alerts.scripts.Alerts" /> -->
		<!--	<class name="com.arrow.admin.scripts.Admin" />
			<class name="com.arrow.crm.scripts.CRM" />
			<class name="com.arrow.em.scripts.EM" />
			<class name="com.arrow.campaign.scripts.Campaign" /> 
			<class name="com.arrow.reports.scripts.Reports" />  -->
			<!-- <class name="com.arrow.export.scripts.ExportChrome" /> -->
			 <!-- TestDataWorkBookAffiliation -->
		<!-- 	sortAndExportSubGroups
			verifyXSOPInvoicesPage
			subGroupBundleMaintainance
			verifyXSOPInvoicesPage -->
			 <!-- TestDataWorkBookEntity -->
		<!-- 	exportButtonOnCommentsScreen
			exportName -->
			
		</classes>
	</test>
</suite>