<?xml version="1.0" encoding="UTF-8"?>
<!DOCTYPE suite SYSTEM "http://testng.org/testng-1.0.dtd">
<suite name="ArrowTesting" parallel="tests" thread-count="4">
	<parameter name="parallel" value="NO" />
	<parameter name="ip"
			value="https://staging-arrow.ctadvantage.com/mlrb/owLogin/altLogin.aspx"/>
<!-- 	<parameter name="sheetname" value="AddEntity" />
	<parameter name="sheetGCNBO761" value="GCNBO-761" />
	<parameter name="sheetGCNBO800" value="GCNBO-800" />
	<parameter name="sheetGCNBO854" value="GCNBO-854" /> -->
	<test name="TestProject">
	<!-- <parameter name="psopBillingBrowser"  value="http://10.208.190.55/CTBatchConsole/ConsoleHome.aspx"/> -->
		<parameter name="browser" value="chrome" />
		
<!-- 		<groups>
			<define name="all">
				<include name="GCNBO-761"/>
				<include name="GCNBO-800"/>
	 			<include name="GCNBO-854"/>
			</define>
			<run>
				<include name="all" />
			</run>
		</groups> -->
		<classes>
		<!--  <parameter name="browser" value="ie" /> -->
			<!-- <class name="com.arrow.npd.scripts.Sprint1" /> -->
			<!-- <class name="com.arrow.npd.scripts.Sprint3" /> -->
			<!-- <class name="com.arrow.npd.scripts.Sprint7" /> -->
			<!-- <class name="com.arrow.npd.scripts.Sprint8" /> -->
			<!-- <class name="com.arrow.npd.scripts.Sprint13" /> -->
			<!-- <class name="com.arrow.npd.scripts.Sprint15" /> -->
			<!-- <class name="com.arrow.npd.scripts.Sprint16" /> -->
			<!-- <class name="com.arrow.npd.scripts.Sprint17" /> -->
			<!-- <class name="com.arrow.npd.scripts.Sprint23" /> -->
			<!-- <class name="com.arrow.npd.scripts.Sprint24" /> -->
			<!-- <class name="com.arrow.npd.scripts.PsopXmlGeneration" /> -->
		    <!-- <class name="com.arrow.di.scripts.AffiliationLevelDI" /> -->
			<class name="com.arrow.ciox.scripts.Sprint1" />
		</classes>
	</test>
</suite>