<?xml version="1.0" encoding="UTF-8"?>
<!DOCTYPE suite SYSTEM "http://testng.org/testng-1.0.dtd">
<suite name="ArrowTesting" parallel="none" thread-count="2">
<!-- <listeners>
        <listener class-name="com.arrow.accelerators.RetryListener"/>
  </listeners> -->
	<parameter name="parallel" value="NO" />
	<parameter name="threads" value="2" />
	<parameter name="ip"
	 					 				 			
	 			 value = "https://arrowstg.azurectwkglobal.com/owLogin/altLogin.aspx"/>
				<!-- 	value="https://arrowstg.azurectwkglobal.com/NPD/Owlogin/altlogin.aspx"/> -->	 					 				 					 		
											 					 				 					 			 					 	 									 					 					 			
	               <!-- value ="https://arrowstg.azurectwkglobal.com/mlrb/owlogin/altlogin.aspx"/> -->											
	<test name="SOPTesting">	
<!-- 	<parameter name="retries"  value="0"/> -->
	    <parameter name="browser" value="chrome"/> 
	    <parameter name="environment" value="Stage"/>	 
		<parameter name="sopHubUrl" value="https://stg-internal.ctadvantage.com/InternalHub/Login/Login.aspx"/>
  	 	<groups>
			<!-- <define name="all">
				<include name="GCNBO-761"/>
				<include name="GCNBO-800"/>
	 			<include name="GCNBO-854"/>
			</define> -->
			<run>
				<include name="newly" />
			</run>
		</groups>  
		<classes>
		<!-- <class name="com.arrow.sop.scripts.WorksheetCreation" /> -->
			<!-- SOP Module -->
		<!-- 	<class name="com.arrow.sop.scripts.ActionItem" />
			<class name="com.arrow.sop.scripts.CarrierPackage" />
			<class name="com.arrow.sop.scripts.CommonAlerts" />
			<class name="com.arrow.sop.scripts.PostLogs" />
			<class name="com.arrow.sop.scripts.QualityMaintainance" />
			<class name="com.arrow.sop.scripts.SopManageDefaultAssignment" />
			<class name="com.arrow.sop.scripts.SopMessages" />
			<class name="com.arrow.sop.scripts.WorksheetCreation" />
			<class name="com.arrow.sop.scripts.AutoUpload" />
			<class name="com.arrow.sop.scripts.WorksheetSearch" />
			<class name="com.arrow.sop.scripts.TeamSOPDashboard" />
			<class name="com.arrow.sop.scripts.CarrierPackage" />
			<class name="com.arrow.sop.scripts.AutoAssignmentMaintenance" />
			<class name="com.arrow.sop.scripts.AutoAssignmentDashboard" />
			<class name="com.arrow.sop.scripts.Reconciliation" />
			<class name="com.arrow.sop.scripts.CES" />
			<class name="com.arrow.sop.scripts.ExpeditedTransmissions" />
			<class name="com.arrow.sop.scripts.RetainedWorksheets" />
			<class name="com.arrow.sop.scripts.SOPVolume" />
			<class name="com.arrow.sop.scripts.TextMaintenance" /> -->
		<!--  <parameter name="browser" value="ie" /> -->
			<!-- <class name="com.arrow.npd.scripts.Sprint1" /> -->
			<!-- <class name="com.arrow.npd.scripts.Sprint3" /> -->
			<!-- <class name="com.arrow.npd.scripts.Sprint7" /> -->
			<!-- <class name="com.arrow.npd.scripts.Sprint24" /> -->
		<!-- 	<class name="com.arrow.npd.scripts.Sprint25" />
			<class name="com.arrow.npd.scripts.Sprint26" />
			<class name="com.arrow.npd.scripts.Sprint27" /> -->
			<!-- <class name="com.arrow.npd.scripts.Sprint28" /> -->
			<!-- <class name="com.arrow.npd.scripts.Sprint23" /> -->
			<!-- <class name="com.arrow.npd.scripts.Sprint24" /> -->
			<!-- <class name="com.arrow.npd.scripts.PsopXmlGeneration" /> -->
			<!-- <class name="com.arrow.npd.scripts.Sprint30" /> -->
			<!-- <class name="com.arrow.npd.scripts.Sprint32" /> -->
			<!-- <class name="com.arrow.npd.scripts.Sprint25" /> -->
			<!-- <class name="com.arrow.npd.scripts.PendingModules" /> -->
		<!-- 	<class name="com.arrow.entity.scripts.SearchEntity" />
			<class name="com.arrow.di.scripts.EntityLevelDI" />
			<class name="com.arrow.di.scripts.AffiliationLevelDI" /> -->
			<!-- <class name="com.arrow.renewal.scripts.RenewalInvoice" /> -->
			<!-- <class name="com.arrow.renewal.scripts.RenewalInvoice" /> -->
			<!-- <class name="com.arrow.npd.scripts.Sprint33" /> -->
			<!-- <class name="com.arrow.renewal.scripts.RenewalInvoice" /> -->
			<!-- <class name="com.arrow.di.scripts.AffiliationLevelDI" /> -->
		<!-- 	<class name="com.arrow.npd.scripts.Sprint34" />
			<class name="com.arrow.npd.scripts.Sprint35" />	 -->
			<!-- <class name="com.arrow.npd.scripts.Sprint36" />	 -->		
			<!-- <class name="com.arrow.npd.scripts.Sprint37" />	 -->
			<!-- <class name="com.arrow.sop.scripts.WorksheetCreation" /> -->
			<!-- <class name="com.arrow.npd.scripts.Sprint38" /> -->
			<!-- <class name="com.arrow.npd.scripts.Sprint39" />	 -->
			<!-- <class name="com.arrow.npd.scripts.Sprint40" />	
			<class name="com.arrow.npd.scripts.Sprint41" /> -->
			<!-- <class name="com.arrow.entity.scripts.SearchEntity" /> -->
			<!-- <class name="com.arrow.npd.scripts.Sprint42" /> -->
			<!-- <class name="com.arrow.npd.scripts.Sprint43" /> -->
			<!-- <class name="com.arrow.npd.scripts.Sprint48" /> -->
			<!-- <class name="com.arrow.npd.scripts.Sprint49" /> -->
			<!-- <class name="com.arrow.npd.scripts.Sprint50"/> -->
		   <!-- <class name="com.arrow.npd.scripts.Sprint52"/> -->
			<!-- <class name="com.arrow.npd.scripts.Sprint53"/> -->
			<!-- <class name="com.arrow.npd.scripts.DevOpsSprint1"/> -->
			<!-- <class name="com.arrow.npd.scripts.DevOpsSprint2"/>	 -->
			<!-- <class name="com.arrow.npd.scripts.DevOpsSprint4And5"/>	 -->
			<!-- <class name="com.arrow.npd.scripts.DevOpsSprint6And7"/>	 -->
			<!-- <class name="com.arrow.npd.scripts.CheckForEnImp"/> -->
			<!-- <class name="com.arrow.renewal.scripts.RenewalInvoice" /> -->
			<class name="com.arrow.sop.scripts.CES" />
			<!-- <class name="com.arrow.npd.scripts.TestEngine" /> -->
			<!-- <class name="com.arrow.npd.scripts.HighVolumeAcceleratedLogs" /> -->
			<!-- <class name="com.arrow.campaign.scripts.Campaign" /> -->
		</classes>
	</test>
</suite>
